,C,S,T,P,A,G,N,D,E,Q,H,R,K,M,I,L,V,F,Y,W
C,.,0.257675,0.120955,0.201466,0.333597,0.287776,0.109356,0.109356,0.269846,0.382989,0.257789,0.305565,0.252447,0.16876,0.109356,0.347213,0.089221,0.349431,0.348648,0.139283
S,0.37331,.,0.481303,0.248937,0.489716,0.418221,0.389824,0.313622,0.343415,0.351858,0.353437,0.362744,0.275088,0.321323,0.270434,0.294981,0.35807,0.333911,0.293641,0.159829
T,0.324697,0.407544,.,0.16408,0.401801,0.332284,0.239559,0.190164,0.212172,0.307688,0.246287,0.299202,0.256216,0.151585,0.198089,0.270623,0.361685,0.273165,0.259664,0.065886
P,0.344742,0.391687,0.285896,.,0.453613,0.403646,0.351578,0.254351,0.345786,0.383973,0.369359,0.253981,0.230938,0.25721,0.204451,0.257955,0.420648,0.338794,0.298386,0.304815
A,0.393253,0.383785,0.31201,0.242935,.,0.387377,0.430245,0.192837,0.274992,0.319731,0.300591,0.294904,0.224536,0.548783,0.245106,0.313131,0.319069,0.305355,0.285963,0.164858
G,0.266561,0.303925,0.186564,0.140498,0.368935,.,0.209653,0.18815,0.20561,0.271927,0.23462,0.177927,0.219116,0.196661,0.109941,0.193295,0.207776,0.168089,0.188435,0.172684
N,0.234434,0.35543,0.329102,0.27484,0.399547,0.391248,.,0.207914,0.25714,0.298337,0.247611,0.251932,0.183037,0.235503,0.183903,0.232833,0.233165,0.21047,0.250576,0.120152
D,0.284862,0.27533,0.244979,0.22026,0.29299,0.264126,0.200707,.,0.344422,0.263034,0.297668,0.251845,0.208135,0.244891,0.299068,0.236273,0.174544,0.232537,0.22728,0.102607
E,0.331943,0.354845,0.291618,0.21575,0.519857,0.407339,0.257788,0.533286,.,0.341024,0.379888,0.278932,0.322776,0.21894,0.450146,0.320557,0.351119,0.341871,0.34751,0.144709
Q,0.383498,0.443061,0.361057,0.211609,0.499125,0.406496,0.338267,0.067797,0.43898,.,0.39601,0.366205,0.353847,0.5037,0.46696,0.390653,0.60296,0.382639,0.360504,0.158981
H,0.331313,0.365417,0.204778,0.220349,0.46192,0.370345,0.224575,0.141113,0.319116,0.300668,.,0.275011,0.332109,0.315297,0.204778,0.364474,0.255129,0.327869,0.260098,0.072268
R,0.225328,0.269963,0.198981,0.145469,0.458571,0.250506,0.067198,0.124392,0.249755,0.288167,0.263109,.,0.306464,0.067797,0.13894,0.241877,0.188679,0.213329,0.271893,0.062534
K,0.330828,0.376238,0.475748,0.2522,0.600036,0.492484,0.457432,0.465381,0.27155,0.440756,0.362187,0.439873,.,0.414029,0.491472,0.301191,0.486742,0.359651,0.34285,0.218485
M,0.347411,0.35286,0.261374,0.085247,0.357114,0.217974,0.543659,0.391546,0.287253,0.39409,0.278428,0.112361,0.134811,.,0.611816,0.513297,0.353701,0.330426,0.308168,0.633339
I,0.361807,0.195555,0.193315,0.145294,0.326427,0.159774,0.171746,0.02656,0.196957,0.190538,0.220785,0.123566,0.120605,0.279024,.,0.417355,0.494009,0.331454,0.322682,0.07298
L,0.366428,0.212423,0.164645,0.146028,0.342672,0.201342,0.161619,0.111795,0.198724,0.250008,0.288209,0.185295,0.170549,0.367365,0.301273,.,0.274572,0.336207,0.295438,0.152315
V,0.382402,0.325915,0.398229,0.200833,0.388998,0.268655,0.107579,0.227535,0.192264,0.280227,0.252844,0.190091,0.196699,0.562291,0.53691,0.333063,.,0.206538,0.208561,0.28573
F,0.176163,0.151676,0.256798,0.112401,0.23558,0.094333,0.13595,0.090171,0.062357,0.215799,0.237299,0.121773,0.084648,0.25519,0.181441,0.295815,0.290597,.,0.331971,0.232
Y,0.141913,0.17328,0.275382007,0.193624,0.402061,0.357445,0.128545,0.087477,0.176356,0.368694,0.19697,0.340222,0.17078,0.392041,0.275586186,0.362403,0.281788624,0.36042,.,0.303028
W,0.136687,0.092284,0.01671,0.065936,0.062823,0.162337,0.199527389,0.18349241,0.064807,0.06067,0.23939,0.102856,0.053971,0.109805,0.217292472,0.177172,0.109805,0.36429,0.281165,.